{
  "lessons": {},
  "samples": {
    "3f63a43a": {
      "filename": "anh_trai.mp3",
      "lesson_id": null,
      "vocab_id": null
    },
    "38b04353": {
      "filename": "ba.mp3",
      "lesson_id": null,
      "vocab_id": null
    },
    "4271ec18": {
      "filename": "ban_khoe_khong.mp3",
      "lesson_id": null,
      "vocab_id": null
    },
    "41ed0dab": {
      "filename": "bo.mp3",
      "lesson_id": null,
      "vocab_id": null
    },
    "e68070f9": {
      "filename": "cam_on.mp3",
      "lesson_id": null,
      "vocab_id": null
    },
    "90bbf279": {
      "filename": "chao_buoi_sang.mp3",
      "lesson_id": null,
      "vocab_id": null
    },
    "dad5ba97": {
      "filename": "chao_buoi_toi.mp3",
      "lesson_id": null,
      "vocab_id": null
    },
    "8b797763": {
      "filename": "chong.mp3",
      "lesson_id": null,
      "vocab_id": null
    },
    "c14ef141": {
      "filename": "con_gai.mp3",
      "lesson_id": null,
      "vocab_id": null
    },
    "3e8bc98f": {
      "filename": "con_trai.mp3",
      "lesson_id": null,
      "vocab_id": null
    },
    "09d2c5c6": {
      "filename": "em_gai.mp3",
      "lesson_id": null,
      "vocab_id": null
    },
    "6ff2f516": {
      "filename": "gia_dinh.mp3",
      "lesson_id": null,
      "vocab_id": null
    },
    "98f47f27": {
      "filename": "hen_gap_lai.mp3",
      "lesson_id": null,
      "vocab_id": null
    },
    "b54109df": {
      "filename": "khong.mp3",
      "lesson_id": null,
      "vocab_id": null
    },
    "8a23874c": {
      "filename": "me.mp3",
      "lesson_id": null,
      "vocab_id": null
    },
    "7cc53589": {
      "filename": "ong.mp3",
      "lesson_id": null,
      "vocab_id": null
    },
    "fcb23258": {
      "filename": "rat_vui_duoc_gap_ban.mp3",
      "lesson_id": null,
      "vocab_id": null
    },
    "f49f94df": {
      "filename": "tam_biet.mp3",
      "lesson_id": null,
      "vocab_id": null
    },
    "2f0475a0": {
      "filename": "ten_toi_la.mp3",
      "lesson_id": null,
      "vocab_id": null
    },
    "8eeedbfd": {
      "filename": "toi_khoe.mp3",
      "lesson_id": null,
      "vocab_id": null
    },
    "f16405c5": {
      "filename": "vang.mp3",
      "lesson_id": null,
      "vocab_id": null
    },
    "00c76c94": {
      "filename": "vo.mp3",
      "lesson_id": null,
      "vocab_id": null
    },
    "0b5f1e23": {
      "filename": "xin_chao.mp3",
      "lesson_id": null,
      "vocab_id": null
    },
    "e1414db3": {
      "filename": "banh_mi_1672ec4c-fb21-4752-8d39-b72a4affe2cc.mp3",
      "lesson_id": null,
      "vocab_id": null
    },
    "170c9a86": {
      "filename": "bo_279d869d-1985-4af6-8368-b89284b783c0.mp3",
      "lesson_id": null,
      "vocab_id": null
    },
    "bc55c859": {
      "filename": "ca_92a676d5-cf8e-45f4-9074-3cb1afccad83.mp3",
      "lesson_id": null,
      "vocab_id": null
    },
    "214bad09": {
      "filename": "ca_e0f9c854-97c8-4fad-a90a-b882c9c90c00.mp3",
      "lesson_id": null,
      "vocab_id": null
    },
    "604783fe": {
      "filename": "ca_phe_11896756-d4a1-4792-8bd4-ad6ffb92309c.mp3",
      "lesson_id": null,
      "vocab_id": null
    },
    "b59085d6": {
      "filename": "cam_e61fc85d-b3ff-4291-be47-8ad756591b09.mp3",
      "lesson_id": null,
      "vocab_id": null
    },
    "72049e41": {
      "filename": "chim_a40a2c8e-6ea4-4583-8a0f-8e8bb0f831c4.mp3",
      "lesson_id": null,
      "vocab_id": null
    },
    "7a6554c7": {
      "filename": "cho_a7869b6f-d0b5-455b-ae21-43c628acc6cc.mp3",
      "lesson_id": null,
      "vocab_id": null
    },
    "b824a2bd": {
      "filename": "den_31c0c654-b7a2-4355-ae4c-3d187a8fc3c2.mp3",
      "lesson_id": null,
      "vocab_id": null
    },
    "2e80fa59": {
      "filename": "do_1c414482-56cd-43e5-a6cb-998a961d07a2.mp3",
      "lesson_id": null,
      "vocab_id": null
    },
    "9e5c5001": {
      "filename": "ga_74dd0293-bbd8-4bc3-bdaf-ebdd76442d06.mp3",
      "lesson_id": null,
      "vocab_id": null
    },
    "9dda3347": {
      "filename": "heo_a731d482-0034-47e6-bab1-2616151e1c3b.mp3",
      "lesson_id": null,
      "vocab_id": null
    },
    "5b23d207": {
      "filename": "meo_dd324ca4-d60b-4ff0-9eba-4d7da40dc485.mp3",
      "lesson_id": null,
      "vocab_id": null
    },
    "b325559b": {
      "filename": "nuoc_79bbd9d1-1894-46dd-8426-36385f6cc2e2.mp3",
      "lesson_id": null,
      "vocab_id": null
    },
    "6422ff30": {
      "filename": "pho_dc1c9090-192c-4529-a74b-2325b488b86e.mp3",
      "lesson_id": null,
      "vocab_id": null
    },
    "2c36e129": {
      "filename": "sua_4c24e5b0-840e-422f-bb86-80d474ad8a29.mp3",
      "lesson_id": null,
      "vocab_id": null
    },
    "053c9931": {
      "filename": "thit_8a8d04a7-7e19-4454-8f73-417605119eab.mp3",
      "lesson_id": null,
      "vocab_id": null
    },
    "f6c4e8de": {
      "filename": "tim_8d4872b0-54c8-4db9-950c-28857861b50e.mp3",
      "lesson_id": null,
      "vocab_id": null
    },
    "0cb066af": {
      "filename": "tra_2156cb4d-41bd-4e2a-8860-2ef835aa320a.mp3",
      "lesson_id": null,
      "vocab_id": null
    },
    "695627d9": {
      "filename": "trang_dd79ea4a-94db-4d76-a861-624053722f1e.mp3",
      "lesson_id": null,
      "vocab_id": null
    },
    "757270de": {
      "filename": "vang_1f4a223d-3ca2-4134-8894-b6a2070b6a1d.mp3",
      "lesson_id": null,
      "vocab_id": null
    },
    "6025a640": {
      "filename": "xanh_duong_a9788857-607d-430b-8e85-bd81fb7be85c.mp3",
      "lesson_id": null,
      "vocab_id": null
    },
    "6e3118d6": {
      "filename": "xanh_la_d5211260-62b1-4786-8dea-47057a94e172.mp3",
      "lesson_id": null,
      "vocab_id": null
    }
  },
  "progress": {}
}